<?xml version="1.0" encoding="UTF-8"?>
<project-private xmlns="http://www.netbeans.org/ns/project-private/1">
    <editor-bookmarks xmlns="http://www.netbeans.org/ns/editor-bookmarks/2" lastBookmarkId="0"/>
    <open-files xmlns="http://www.netbeans.org/ns/projectui-open-files/2">
        <group>
            <file>file:/C:/Users/vongenae/Documents/Gedistribueerde%20toepassingen/labos/webservice/TestWoordenboekService/src/be/tiwi/woordenboek/data/WoordenboekDAO.java</file>
            <file>file:/C:/Users/vongenae/Documents/Gedistribueerde%20toepassingen/labos/webservice/TestWoordenboekService/src/be/tiwi/woordenboek/gui/WoordenboekFrame.java</file>
            <file>file:/C:/Users/vongenae/Documents/Gedistribueerde%20toepassingen/labos/webservice/TestWoordenboekService/src/be/tiwi/woordenboek/impl/WoordenboekDAODummy.java</file>
            <file>file:/C:/Users/vongenae/Documents/Gedistribueerde%20toepassingen/labos/webservice/TestWoordenboekService/src/be/tiwi/woordenboek/TestWoordenboekService.java</file>
            <file>file:/C:/Users/vongenae/Documents/Gedistribueerde%20toepassingen/labos/webservice/TestWoordenboekService/src/be/tiwi/woordenboek/impl/WoordenboekDAOService.java</file>
        </group>
    </open-files>
</project-private>
