<?xml version="1.0" encoding="UTF-8"?>
<project-private xmlns="http://www.netbeans.org/ns/project-private/1">
    <editor-bookmarks xmlns="http://www.netbeans.org/ns/editor-bookmarks/2" lastBookmarkId="0"/>
    <open-files xmlns="http://www.netbeans.org/ns/projectui-open-files/2">
        <group>
            <file>file:/C:/Users/vongenae/Documents/gdt/labo/sockets/TicTacToeGame/src/tictactoegame/Player.java</file>
            <file>file:/C:/Users/vongenae/Documents/gdt/labo/sockets/TicTacToeGame/src/tictactoegame/TicTacToeThread.java</file>
            <file>file:/C:/Users/vongenae/Documents/gdt/labo/sockets/TicTacToeGame/src/tictactoegame/Game.java</file>
            <file>file:/C:/Users/vongenae/Documents/gdt/labo/sockets/TicTacToeGame/src/tictactoegame/Listener.java</file>
            <file>file:/C:/Users/vongenae/Documents/gdt/labo/sockets/TicTacToeGame/src/tictactoegame/TicTacToeServer.java</file>
            <file>file:/C:/Users/vongenae/Documents/gdt/labo/sockets/TicTacToeGame/src/tictactoegame/PlayerListener.java</file>
        </group>
    </open-files>
</project-private>
